City_ID,City,Country,Date,Lat,Lng,Max Temp,Humidity,Cloudiness,Wind Speed
0,Boras,SE,2022-10-13 17:20:55,57.721,12.9401,50.83,91,100,6.58
1,Castro,BR,2022-10-13 17:20:34,-24.7911,-50.0119,65.62,89,100,8.7
2,Barrow,US,2022-10-13 17:20:56,71.2906,-156.7887,26.62,68,75,9.22
3,Mataura,NZ,2022-10-13 17:20:56,-46.1927,168.8643,34.59,99,20,3.15
4,Thompson,CA,2022-10-13 17:20:56,55.7435,-97.8558,32.16,100,100,14.97
5,Kongoussi,BF,2022-10-13 17:19:20,13.3258,-1.5347,97.23,20,66,6.96
6,Te Anau,NZ,2022-10-13 17:20:57,-45.4167,167.7167,36.14,94,11,1.23
7,Rikitea,PF,2022-10-13 17:20:58,-23.1203,-134.9692,70.3,71,15,17.43
8,Bredasdorp,ZA,2022-10-13 17:20:58,-34.5322,20.0403,60.13,76,97,6.98
9,Geraldton,AU,2022-10-13 17:19:43,-28.7667,114.6,48.61,81,0,10.36
10,Ushuaia,AR,2022-10-13 17:20:59,-54.8,-68.3,46.02,70,75,21.85
11,Ola,RU,2022-10-13 17:20:59,59.5833,151.2833,30.9,80,99,3.44
12,Moerai,PF,2022-10-13 17:21:00,-22.4333,-151.3333,71.96,69,100,10.13
13,Qaanaaq,GL,2022-10-13 17:21:01,77.484,-69.3632,16.16,66,100,10.13
14,Tuktoyaktuk,CA,2022-10-13 17:21:02,69.4541,-133.0374,23.0,93,75,2.3
15,Kautokeino,NO,2022-10-13 17:21:02,69.0125,23.0412,38.59,83,97,8.48
16,Longyearbyen,SJ,2022-10-13 17:21:03,78.2186,15.6401,28.24,69,20,0.0
17,Beringovskiy,RU,2022-10-13 17:21:03,63.05,179.3167,29.59,65,85,5.99
18,Honiara,SB,2022-10-13 17:21:04,-9.4333,159.95,77.18,82,74,2.73
19,Cao Bang,VN,2022-10-13 17:18:30,22.6667,106.25,63.84,65,10,3.85
20,Butaritari,KI,2022-10-13 17:20:40,3.0707,172.7902,82.0,71,53,17.94
21,Cape Town,ZA,2022-10-13 17:21:05,-33.9258,18.4232,64.27,69,75,11.5
22,Atlantic City,US,2022-10-13 17:20:40,39.3643,-74.4229,69.04,86,100,11.99
23,Saint-Philippe,RE,2022-10-13 17:21:06,-21.3585,55.7679,71.19,74,13,10.36
24,Bluff,NZ,2022-10-13 17:21:06,-46.6,168.3333,41.07,87,14,9.78
25,Sao Filipe,CV,2022-10-13 17:21:07,14.8961,-24.4956,80.91,74,64,10.04
26,Corowa,AU,2022-10-13 17:21:07,-36.0333,146.3833,50.58,96,100,5.95
27,Punta Arenas,CL,2022-10-13 17:17:48,-53.15,-70.9167,48.31,49,75,16.11
28,Havoysund,NO,2022-10-13 17:21:08,70.9963,24.6622,37.63,88,77,7.81
29,Mar Del Plata,AR,2022-10-13 17:21:09,-38.0023,-57.5575,55.94,50,0,17.27
30,Tamiahua,MX,2022-10-13 17:20:17,21.2667,-97.45,85.24,71,74,12.5
31,Carnarvon,AU,2022-10-13 17:21:10,-24.8667,113.6333,65.46,60,0,20.45
32,Granville,AU,2022-10-13 17:17:10,-33.8333,151.0167,64.38,87,0,8.05
33,Vaini,TO,2022-10-13 17:20:52,-21.2,-175.2,69.96,94,75,0.0
34,Mahebourg,MU,2022-10-13 17:21:11,-20.4081,57.7,71.89,73,75,12.66
35,Oistins,BB,2022-10-13 17:21:12,13.0667,-59.5333,87.89,70,40,16.11
36,Tuatapere,NZ,2022-10-13 17:21:13,-46.1333,167.6833,37.15,95,14,4.76
37,Lasa,IT,2022-10-13 17:21:14,46.6166,10.7002,59.88,82,100,0.87
38,Albany,US,2022-10-13 17:21:15,42.6001,-73.9662,67.95,79,98,4.0
39,Filadelfia,US,2022-10-13 17:17:45,39.9523,-75.1638,71.15,86,100,11.5
40,Dingle,PH,2022-10-13 17:21:16,10.9995,122.6711,75.96,89,100,3.18
41,Busselton,AU,2022-10-13 17:18:54,-33.65,115.3333,52.79,66,97,5.5
42,Masterton,NZ,2022-10-13 17:21:17,-40.9597,175.6575,45.88,95,98,2.3
43,Saint-Augustin,CA,2022-10-13 17:21:17,51.226,-58.6502,48.15,71,88,7.14
44,Hasaki,JP,2022-10-13 17:21:18,35.7333,140.8333,59.4,93,100,19.64
45,Gat,IL,2022-10-13 17:22:19,31.61,34.7642,74.08,100,6,6.55
46,Evensk,RU,2022-10-13 17:22:19,61.95,159.2333,22.44,69,100,3.56
47,Hermanus,ZA,2022-10-13 17:22:20,-34.4187,19.2345,60.8,83,71,4.94
48,Hobart,AU,2022-10-13 17:17:50,-42.8794,147.3294,55.26,87,75,19.57
49,Havelock,US,2022-10-13 17:22:21,34.8791,-76.9013,76.98,92,100,8.05
50,Atuona,PF,2022-10-13 17:22:22,-9.8,-139.0333,77.22,77,64,22.48
51,Bethel,US,2022-10-13 17:22:20,41.3712,-73.414,70.92,71,100,9.22
52,Weyburn,CA,2022-10-13 17:22:24,49.6668,-103.8511,44.82,23,23,33.38
53,Cidreira,BR,2022-10-13 17:22:27,-30.1811,-50.2056,70.02,73,3,8.1
54,Walvis Bay,NA,2022-10-13 17:22:30,-22.9575,14.5053,61.75,77,38,9.22
55,Conchal,BR,2022-10-13 17:22:32,-22.3303,-47.1725,93.36,25,83,9.06
56,Deputatskiy,RU,2022-10-13 17:22:32,69.3,139.9,-4.59,96,61,5.37
57,Avarua,CK,2022-10-13 17:20:59,-21.2078,-159.775,75.25,94,75,11.5
58,Bambous Virieux,MU,2022-10-13 17:22:33,-20.3428,57.7575,71.85,73,75,12.66
59,Bocaiuva,BR,2022-10-13 17:22:34,-17.1078,-43.815,91.11,19,8,12.3
60,Khorinsk,RU,2022-10-13 17:22:34,52.1657,109.7726,38.07,71,100,11.92
61,Atar,MR,2022-10-13 17:22:35,20.5169,-13.0499,96.46,17,100,7.02
62,Guerrero Negro,MX,2022-10-13 17:22:36,27.9769,-114.0611,72.25,73,76,13.35
63,Cabo San Lucas,MX,2022-10-13 17:22:28,22.8909,-109.9124,88.18,51,0,10.36
64,Rio Gallegos,AR,2022-10-13 17:21:21,-51.6226,-69.2181,50.05,37,75,19.57
65,Birkeland,NO,2022-10-13 17:22:37,58.3309,8.2323,49.41,84,0,2.3
66,Westport,US,2022-10-13 17:20:35,41.1415,-73.3579,71.74,69,40,11.99
67,Fort Nelson,CA,2022-10-13 17:22:38,58.8053,-122.7002,40.59,75,75,6.91
68,Bambanglipuro,ID,2022-10-13 17:22:39,-7.95,110.2833,76.8,84,91,6.35
69,Balud,PH,2022-10-13 17:22:40,10.1476,123.6953,78.76,82,100,4.03
70,Aklavik,CA,2022-10-13 17:22:40,68.2191,-135.0107,24.8,80,100,9.22
71,Cheney,US,2022-10-13 17:19:29,47.4874,-117.5758,59.81,60,20,10.36
72,Konstantinovskoye,RU,2022-10-13 17:22:41,45.2992,42.6367,53.29,48,87,4.76
73,Tiksi,RU,2022-10-13 17:22:43,71.6872,128.8694,19.49,92,100,5.97
74,Campo Formoso,BR,2022-10-13 17:22:43,-10.5075,-40.3214,88.99,29,10,14.76
75,College,US,2022-10-13 17:22:45,64.8569,-147.8028,24.21,87,75,0.0
76,Camacha,PT,2022-10-13 17:22:45,33.0833,-16.3333,69.22,68,40,12.66
77,Coahuayana,MX,2022-10-13 17:22:46,18.7333,-103.6833,88.18,66,47,3.15
78,Den Helder,NL,2022-10-13 17:22:15,52.9599,4.7593,55.98,93,90,2.3
79,East London,ZA,2022-10-13 17:22:45,-33.0153,27.9116,67.14,94,75,24.16
80,Alta Floresta,BR,2022-10-13 17:22:47,-9.8756,-56.0861,78.62,83,40,2.3
81,Casino,AU,2022-10-13 17:22:47,-28.8667,153.05,62.78,97,72,2.93
82,Taitung,TW,2022-10-13 17:22:48,22.7583,121.1444,76.75,80,45,10.49
83,Solnechnyy,RU,2022-10-13 17:22:48,50.7214,136.6319,39.13,82,5,3.6
84,Puerto Ayora,EC,2022-10-13 17:22:49,-0.7393,-90.3518,75.16,95,94,1.99
85,Sergeyevka,KZ,2022-10-13 17:22:49,53.88,67.4158,51.75,46,92,11.45
86,Port Alfred,ZA,2022-10-13 17:22:50,-33.5906,26.891,67.17,95,64,7.0
87,Lata,PT,2022-10-13 17:22:50,40.1629,-8.3327,70.92,54,72,6.8
88,Souillac,MU,2022-10-13 17:22:43,-20.5167,57.5167,71.98,73,75,12.66
89,Banda Aceh,ID,2022-10-13 17:22:51,5.5577,95.3222,79.02,81,45,14.12
90,Jamestown,US,2022-10-13 17:23:51,42.097,-79.2353,53.02,97,100,8.05
91,Provideniya,RU,2022-10-13 17:23:52,64.3833,-173.3,23.23,68,4,4.34
92,Kaitangata,NZ,2022-10-13 17:22:30,-46.2817,169.8464,40.21,91,34,4.29
93,Alofi,NU,2022-10-13 17:22:30,-19.0595,-169.9187,67.89,100,96,2.3
94,Paramonga,PE,2022-10-13 17:23:54,-10.6667,-77.8333,65.68,72,50,10.58
95,Lebu,CL,2022-10-13 17:20:50,-37.6167,-73.65,51.24,57,39,20.07
96,Hilo,US,2022-10-13 17:19:44,19.7297,-155.09,82.27,83,0,3.0
97,Matara,LK,2022-10-13 17:23:54,5.9485,80.5353,77.11,88,94,9.4
98,Shimoda,JP,2022-10-13 17:23:55,34.6667,138.95,62.1,89,99,15.84
99,Buraydah,SA,2022-10-13 17:20:33,26.326,43.975,82.85,11,0,5.88
100,Bathsheba,BB,2022-10-13 17:23:57,13.2167,-59.5167,88.41,70,40,16.11
101,Lavrentiya,RU,2022-10-13 17:23:57,65.5833,-171.0,23.14,55,13,4.76
102,Chokurdakh,RU,2022-10-13 17:23:58,70.6333,147.9167,8.2,96,94,4.7
103,Chuy,UY,2022-10-13 17:23:58,-33.6971,-53.4616,60.06,69,96,20.11
104,Kapaa,US,2022-10-13 17:23:59,22.0752,-159.319,75.18,92,100,8.05
105,San Cristobal,VE,2022-10-13 17:22:59,7.7669,-72.225,80.78,47,97,3.44
106,Kaili,ID,2022-10-13 17:23:59,-3.4626,120.2147,67.32,92,96,2.93
107,Kerugoya,KE,2022-10-13 17:24:00,-0.4989,37.2803,70.18,45,91,7.38
108,Port Elizabeth,ZA,2022-10-13 17:24:00,-33.918,25.5701,69.1,97,75,19.57
109,Talnakh,RU,2022-10-13 17:24:01,69.4865,88.3972,27.21,96,98,6.26
110,Zhezkazgan,KZ,2022-10-13 17:24:01,47.8043,67.7144,56.46,21,7,5.91
111,Progreso,MX,2022-10-13 17:24:02,21.2833,-89.6667,82.51,75,100,4.05
112,Cherskiy,RU,2022-10-13 17:24:02,68.75,161.3,6.62,91,100,5.32
113,Yellowknife,CA,2022-10-13 17:20:28,62.456,-114.3525,36.12,75,75,31.07
114,Saskylakh,RU,2022-10-13 17:24:03,71.9167,114.0833,17.94,97,97,5.12
115,Rocky Mountain House,CA,2022-10-13 17:24:04,52.3668,-114.9188,46.51,53,9,1.14
116,Narsaq,GL,2022-10-13 17:24:06,60.9167,-46.05,35.82,61,28,3.04
117,Likasi,CD,2022-10-13 17:24:07,-10.9814,26.7333,74.55,19,42,4.12
118,Mayya,RU,2022-10-13 17:24:07,61.7333,130.2811,29.52,98,100,3.0
119,Klaksvik,FO,2022-10-13 17:24:08,62.2266,-6.589,45.52,82,98,9.91
120,Xingyi,CN,2022-10-13 17:24:08,24.1877,102.817,56.61,96,100,3.04
121,Saint-Joseph,RE,2022-10-13 17:24:09,-21.3667,55.6167,70.18,72,19,12.01
122,Alice Springs,AU,2022-10-13 17:24:09,-23.7,133.8833,47.75,66,40,0.0
123,Hong Gai,VN,2022-10-13 17:24:10,20.956,107.0946,73.31,60,42,5.46
124,Constitucion,CL,2022-10-13 17:24:10,-35.3333,-72.4167,59.02,43,10,18.39
125,Uhlove,UA,2022-10-13 17:24:11,44.8215,33.6045,58.01,57,85,13.71
126,Huarmey,PE,2022-10-13 17:24:12,-10.0681,-78.1522,66.69,72,48,11.01
127,Husavik,IS,2022-10-13 17:24:12,66.0449,-17.3389,36.28,96,100,6.08
128,Ciudad Bolivar,VE,2022-10-13 17:24:13,8.1222,-63.5497,88.79,51,79,9.28
129,Airai,TL,2022-10-13 17:24:13,-8.9266,125.4092,61.45,91,47,1.48
130,Osakarovka,KZ,2022-10-13 17:24:15,50.565,72.5692,52.68,28,100,8.52
131,Isangel,VU,2022-10-13 17:24:15,-19.55,169.2667,72.19,73,96,13.02
132,Chambishi,ZM,2022-10-13 17:24:16,-12.6325,28.0537,73.89,19,0,4.94
133,Bengkulu,ID,2022-10-13 17:22:18,-3.8004,102.2655,74.82,91,100,3.51
134,Batagay-Alyta,RU,2022-10-13 17:24:17,67.8006,130.4114,5.7,86,89,2.93
135,Sorong,ID,2022-10-13 17:25:18,-0.8833,131.25,78.69,85,98,5.57
136,Zapolyarnyy,RU,2022-10-13 17:25:18,69.4154,30.8136,38.48,92,100,14.76
137,Road Town,VG,2022-10-13 17:24:14,18.4167,-64.6167,87.89,70,20,6.91
138,Yenagoa,NG,2022-10-13 17:25:20,4.9247,6.2642,78.55,85,100,5.48
139,Hithadhoo,MV,2022-10-13 17:20:53,-0.6,73.0833,81.59,70,85,12.59
140,Zhob,PK,2022-10-13 17:25:20,31.3411,69.4481,67.77,16,0,4.41
141,Nome,US,2022-10-13 17:25:21,64.5011,-165.4064,19.47,79,0,0.0
142,Arraial Do Cabo,BR,2022-10-13 17:25:21,-22.9661,-42.0278,82.26,61,0,24.16
143,Ormara,PK,2022-10-13 17:25:22,25.2088,64.6357,80.44,63,0,6.64
144,Vyazemskiy,RU,2022-10-13 17:25:22,47.5378,134.7525,46.02,90,27,5.01
145,Hami,CN,2022-10-13 17:25:23,42.8,93.45,52.18,40,1,3.18
146,Khatanga,RU,2022-10-13 17:25:24,71.9667,102.5,-2.47,100,52,5.08
147,Codrington,AU,2022-10-13 17:24:13,-38.2667,141.9667,49.75,90,48,14.0
148,Ribeira Grande,PT,2022-10-13 17:25:25,38.5167,-28.7,74.77,83,20,14.97
149,Jieshi,CN,2022-10-13 17:25:26,22.8134,115.8257,74.86,77,60,18.66
150,Seddon,AU,2022-10-13 17:25:26,-37.8068,144.8916,52.75,92,0,11.5
151,Namibe,AO,2022-10-13 17:25:27,-15.1961,12.1522,69.87,84,19,10.87
152,Karangampel,ID,2022-10-13 17:25:27,-6.4622,108.4519,80.06,76,100,5.08
153,Zacler,CZ,2022-10-13 17:25:28,50.6633,15.9106,51.3,84,57,2.15
154,Nikolskoye,RU,2022-10-13 17:20:46,59.7035,30.7861,42.69,84,97,4.79
155,Naze,JP,2022-10-13 17:25:29,28.3667,129.4833,74.32,86,57,25.03
156,Raudeberg,NO,2022-10-13 17:25:29,61.9875,5.1352,47.07,70,32,19.19
157,Batagay,RU,2022-10-13 17:25:30,67.6333,134.6333,-2.31,99,93,2.66
158,Paita,PE,2022-10-13 17:25:31,-5.0892,-81.1144,70.72,64,21,12.44
159,Tornio,FI,2022-10-13 17:25:32,65.8481,24.1466,44.62,88,76,9.28
160,Talaya,RU,2022-10-13 17:25:32,61.3833,152.75,6.96,97,96,1.95
161,Jasper,US,2022-10-13 17:25:33,37.2001,-94.3502,69.06,25,0,19.57
162,Vostok,RU,2022-10-13 17:25:34,46.4856,135.8833,45.1,85,93,4.12
163,Srednekolymsk,RU,2022-10-13 17:25:35,67.45,153.6833,12.79,93,100,5.03
164,Nauen,DE,2022-10-13 17:25:35,52.607,12.8737,59.09,71,100,3.98
165,Rudbar,AF,2022-10-13 17:25:36,30.15,62.6,73.89,10,0,5.73
166,Nanortalik,GL,2022-10-13 17:23:51,60.1432,-45.2371,33.4,54,5,10.67
167,Katsuura,JP,2022-10-13 17:25:37,35.1333,140.3,66.74,93,100,20.49
168,Georgetown,MY,2022-10-13 17:25:29,5.4112,100.3354,79.9,91,20,3.44
169,Cotui,DO,2022-10-13 17:25:38,19.0527,-70.1494,88.72,55,42,6.06
170,Port Lincoln,AU,2022-10-13 17:25:39,-34.7333,135.8667,54.01,74,8,20.58
171,Lambarene,GA,2022-10-13 17:25:39,-0.7001,10.2406,76.91,91,94,4.09
172,Beyneu,KZ,2022-10-13 17:25:40,45.3167,55.2,55.04,61,53,8.01
173,Manzanillo,CU,2022-10-13 17:25:40,20.3433,-77.1167,86.99,59,96,4.38
174,Imbituba,BR,2022-10-13 17:25:40,-28.24,-48.6703,75.85,87,99,6.53
175,Vao,NC,2022-10-13 17:25:21,-22.6667,167.4833,70.34,69,58,16.91
176,Petropavlovsk-Kamchatskiy,RU,2022-10-13 17:21:37,53.0452,158.6483,34.39,75,0,6.71
177,Korla,CN,2022-10-13 17:25:41,41.7597,86.1469,53.29,35,85,3.44
178,Kieta,PG,2022-10-13 17:21:03,-6.2167,155.6333,77.95,84,100,2.68
179,Doha,QA,2022-10-13 17:24:16,25.2867,51.5333,86.31,74,0,4.61
180,Chicama,PE,2022-10-13 17:26:43,-7.8447,-79.1469,61.34,59,43,10.13
181,Ilulissat,GL,2022-10-13 17:26:44,69.2167,-51.1,24.82,93,75,3.44
182,Belmonte,BR,2022-10-13 17:25:23,-15.8631,-38.8828,80.8,60,14,8.95
183,Lazaro Cardenas,MX,2022-10-13 17:26:45,17.9583,-102.2,83.91,75,99,5.03
184,Novo Mesto,SI,2022-10-13 17:26:46,45.804,15.1689,59.2,87,73,2.44
185,Kijang,KR,2022-10-13 17:26:46,35.2442,129.2139,55.13,76,2,7.99
186,Ornskoldsvik,SE,2022-10-13 17:26:47,63.2909,18.7153,47.35,100,100,4.61
187,Nixa,US,2022-10-13 17:26:48,37.0434,-93.2944,67.24,31,5,5.01
188,Faanui,PF,2022-10-13 17:26:48,-16.4833,-151.75,77.94,78,19,13.56
189,Bonito,BR,2022-10-13 17:26:49,-21.1211,-56.4819,85.19,52,98,7.14
190,Kuna,US,2022-10-13 17:26:50,43.4918,-116.4201,68.02,43,0,9.22
191,Leningradskiy,RU,2022-10-13 17:26:50,69.3833,178.4167,13.73,74,72,5.79
192,Digha,IN,2022-10-13 17:26:50,21.6833,87.55,79.86,78,25,2.51
193,Ostrovnoy,RU,2022-10-13 17:26:51,68.0531,39.5131,40.55,85,73,23.49
194,Murgab,TM,2022-10-13 17:26:19,37.4966,61.9714,69.85,42,3,7.92
195,Touros,BR,2022-10-13 17:26:53,-5.1989,-35.4608,84.36,60,14,18.48
196,Hofn,IS,2022-10-13 17:26:53,64.2539,-15.2082,42.82,70,20,5.75
197,Pumiao,CN,2022-10-13 17:26:54,22.75,108.4833,63.0,41,21,5.01
198,Ayagoz,KZ,2022-10-13 17:26:55,47.9714,80.4392,44.74,42,89,9.17
199,Dikson,RU,2022-10-13 17:26:55,73.5069,80.5464,33.06,93,100,29.75
200,San Quintin,MX,2022-10-13 17:26:56,30.4833,-115.95,70.38,75,86,11.3
201,Tazovskiy,RU,2022-10-13 17:26:56,67.4667,78.7,36.88,83,99,12.88
202,Ivanivka,UA,2022-10-13 17:26:57,46.7208,34.553,50.86,53,65,7.81
203,Wanning,CN,2022-10-13 17:26:57,18.8003,110.3967,74.14,73,100,12.64
204,Yerofey Pavlovich,RU,2022-10-13 17:26:58,53.9667,121.9667,32.67,84,100,1.57
205,Vanavara,RU,2022-10-13 17:26:58,60.34,102.2797,28.6,96,90,5.5
206,Antofagasta,CL,2022-10-13 17:22:25,-23.65,-70.4,61.88,63,6,8.34
207,Pangnirtung,CA,2022-10-13 17:26:59,66.1451,-65.7125,21.2,58,20,3.44
208,Turukhansk,RU,2022-10-13 17:27:00,65.8167,87.9833,32.23,87,100,3.67
209,Kodiak,US,2022-10-13 17:27:00,57.79,-152.4072,35.11,48,0,9.22
210,Esperance,AU,2022-10-13 17:27:01,-33.8667,121.9,51.1,77,19,7.16
211,Rawson,AR,2022-10-13 17:26:21,-43.3002,-65.1023,51.35,29,0,3.04
212,Aasiaat,GL,2022-10-13 17:27:02,68.7098,-52.8699,21.76,89,71,7.45
213,Broome,US,2022-10-13 17:27:02,42.2506,-75.833,61.9,89,100,12.66
214,Yar-Sale,RU,2022-10-13 17:27:03,66.8333,70.8333,39.25,89,100,14.03
215,Tura,IN,2022-10-13 17:27:03,25.5198,90.2201,70.66,97,29,2.98
216,Arteaga,MX,2022-10-13 17:27:04,18.4667,-102.4167,75.4,72,95,2.3
217,New Norfolk,AU,2022-10-13 17:27:04,-42.7826,147.0587,54.9,71,100,8.01
218,Nishihara,JP,2022-10-13 17:27:05,26.1842,127.7558,81.68,78,75,17.27
219,Cerrito,CO,2022-10-13 17:27:05,6.8432,-72.694,62.73,74,97,2.33
220,Lieksa,FI,2022-10-13 17:27:06,63.3167,30.0167,45.27,85,100,14.94
221,Denpasar,ID,2022-10-13 17:23:56,-8.65,115.2167,78.46,94,40,3.44
222,Kaniama,CD,2022-10-13 17:27:08,-7.5667,24.1833,80.26,37,43,3.36
223,Mount Isa,AU,2022-10-13 17:27:09,-20.7333,139.5,69.57,40,1,21.85
224,Tyrma,RU,2022-10-13 17:28:09,50.0833,132.1667,36.43,93,2,0.76
225,Lagoa,PT,2022-10-13 17:28:10,39.05,-27.9833,70.86,74,23,7.7
226,Soweto,ZA,2022-10-13 17:28:10,-26.2678,27.8585,77.45,28,37,0.0
227,Marsh Harbour,BS,2022-10-13 17:28:11,26.5412,-77.0636,83.14,70,100,12.1
228,Port Hardy,CA,2022-10-13 17:28:11,50.6996,-127.4199,50.18,93,40,2.3
229,Necochea,AR,2022-10-13 17:28:11,-38.5473,-58.7368,55.09,40,5,18.21
230,Santa Isabel Do Rio Negro,BR,2022-10-13 17:28:12,-0.4139,-65.0192,98.4,34,55,2.51
231,Sabha,LY,2022-10-13 17:28:12,27.0377,14.4283,83.23,20,10,8.48
232,Tombouctou,ML,2022-10-13 17:28:13,20.0,-3.0,98.91,9,7,7.36
233,San Pedro,PH,2022-10-13 17:28:13,14.35,121.0167,82.31,80,75,4.61
234,Hrusovany Nad Jevisovkou,CZ,2022-10-13 17:28:14,48.8299,16.4027,58.17,100,93,4.47
235,Coquimbo,CL,2022-10-13 17:28:14,-29.9533,-71.3436,62.33,67,75,9.22
236,Pimentel,PE,2022-10-13 17:28:15,-6.8367,-79.9342,68.29,64,20,14.97
237,Baraki Barak,AF,2022-10-13 17:28:15,33.9675,68.9486,58.06,12,0,1.5
238,Nemuro,JP,2022-10-13 17:28:15,43.3236,145.575,57.34,73,100,15.66
239,Veraval,IN,2022-10-13 17:28:16,20.9,70.3667,82.94,70,61,2.06
240,Springbok,ZA,2022-10-13 17:28:16,-29.6643,17.8865,65.61,44,6,7.29
241,Windhoek,NA,2022-10-13 17:28:17,-22.5594,17.0832,84.4,14,96,5.75
242,Urumqi,CN,2022-10-13 17:24:19,43.801,87.6005,49.15,32,0,4.47
243,Guadalupe,MX,2022-10-13 17:28:14,25.6833,-100.25,89.22,47,0,5.75
244,Tallahassee,US,2022-10-13 17:23:49,30.4383,-84.2807,84.99,57,0,5.75
245,Turan,VN,2022-10-13 17:28:19,16.0678,108.2208,78.78,65,40,8.05
246,Adelaide,AU,2022-10-13 17:28:19,-34.9333,138.6,56.68,74,40,23.02
247,Pevek,RU,2022-10-13 17:28:20,69.7008,170.3133,19.4,80,99,6.78
248,Santiago Del Estero,AR,2022-10-13 17:28:20,-27.7951,-64.2615,85.15,18,0,19.82
249,Tabas,IR,2022-10-13 17:28:21,33.5959,56.9244,79.2,12,9,4.97
250,Torbay,CA,2022-10-13 17:28:21,47.6666,-52.7314,61.88,66,20,6.91
251,Kobryn,BY,2022-10-13 17:28:22,52.2138,24.3564,48.85,66,11,5.97
252,Mhango,TZ,2022-10-13 17:28:22,-3.2833,32.85,80.19,22,19,2.48
253,Mehamn,NO,2022-10-13 17:28:23,71.0357,27.8492,39.15,81,0,10.36
254,Saldanha,ZA,2022-10-13 17:28:23,-33.0117,17.9442,60.85,87,64,17.07
255,Fortuna,US,2022-10-13 17:28:24,40.5982,-124.1573,52.14,100,100,0.0
256,Selikhino,RU,2022-10-13 17:28:24,50.3672,137.4996,40.62,93,3,5.26
257,Tindwari,IN,2022-10-13 17:28:24,25.6167,80.5333,77.54,60,0,1.32
258,Victoria,HK,2022-10-13 17:27:43,22.2855,114.1577,80.33,76,52,8.01
259,Kavieng,PG,2022-10-13 17:28:25,-2.5744,150.7967,80.96,76,24,10.2
260,Insar,RU,2022-10-13 17:28:27,53.8653,44.3738,44.58,76,87,8.79
261,Kristinehamn,SE,2022-10-13 17:28:27,59.3098,14.1081,52.36,81,100,8.1
262,Samarai,PG,2022-10-13 17:28:28,-10.6167,150.6667,79.41,81,100,2.51
263,Tessalit,ML,2022-10-13 17:28:28,20.1986,1.0114,96.96,7,25,5.23
264,Lethem,GY,2022-10-13 17:28:29,3.3803,-59.7968,92.82,46,52,5.86
265,Portales,US,2022-10-13 17:28:29,34.1862,-103.3344,65.34,38,0,9.73
266,Benjamin Aceval,PY,2022-10-13 17:28:30,-24.9667,-57.5667,78.94,72,93,4.52
267,Cockburn Town,TC,2022-10-13 17:28:31,21.4612,-71.1419,85.96,66,40,17.27
268,Bojonegoro,ID,2022-10-13 17:28:31,-7.1502,111.8817,78.19,80,100,7.65
269,Inirida,CO,2022-10-13 17:29:33,3.8653,-67.9239,86.79,58,97,5.01
270,Norman Wells,CA,2022-10-13 17:29:33,65.282,-126.8329,30.24,86,100,5.75
271,Visnes,NO,2022-10-13 17:29:34,59.3556,5.2242,49.21,76,0,0.0
272,Fort Frances,CA,2022-10-13 17:29:34,48.5999,-93.4003,38.16,73,100,9.22
273,Islip,US,2022-10-13 17:29:35,40.7298,-73.2104,71.8,82,20,20.71
274,Kirakira,SB,2022-10-13 17:29:35,-10.4544,161.9205,79.18,79,61,6.17
275,Lulea,SE,2022-10-13 17:29:36,65.5842,22.1547,44.67,76,0,3.44
276,San Benito,US,2022-10-13 17:29:36,36.6166,-121.0844,73.87,20,0,0.81
277,Katherine,AU,2022-10-13 17:29:37,-14.4667,132.2667,86.32,54,100,6.91
278,Margate,GB,2022-10-13 17:29:38,51.3813,1.3862,56.1,86,26,1.01
279,Mount Gambier,AU,2022-10-13 17:29:38,-37.8333,140.7667,49.91,93,75,10.36
280,Lamu,KE,2022-10-13 17:29:39,-2.2717,40.902,75.42,81,100,13.98
281,Panlaitan,PH,2022-10-13 17:29:39,12.1191,119.8486,82.22,79,100,6.22
282,Aswan,EG,2022-10-13 17:29:40,24.0934,32.907,92.5,19,0,9.22
283,Visby,SE,2022-10-13 17:29:40,57.6409,18.296,51.82,87,40,10.36
284,Palanga,LT,2022-10-13 17:29:41,55.9175,21.0686,48.22,81,0,6.91
285,Fukuma,JP,2022-10-13 17:29:41,33.7667,130.4667,60.8,80,0,7.87
286,Moyale,KE,2022-10-13 17:29:42,3.5167,39.0584,75.63,45,48,8.55
287,La Ronge,CA,2022-10-13 17:29:42,55.1001,-105.2842,37.62,48,20,17.27
288,Nikolayevsk-Na-Amure,RU,2022-10-13 17:29:43,53.1406,140.73,37.92,88,80,4.56
289,Emirdag,TR,2022-10-13 17:29:44,39.0197,31.15,60.57,51,66,3.53
290,Faya,SA,2022-10-13 17:25:04,18.3851,42.4509,66.31,35,8,3.62
291,Acapulco,MX,2022-10-13 17:27:39,16.8634,-99.8901,85.82,66,100,5.75
292,Vinukonda,IN,2022-10-13 17:29:45,16.05,79.75,76.64,90,98,3.74
293,Vizinga,RU,2022-10-13 17:29:45,61.0749,50.1031,43.52,88,100,4.25
294,Puri,IN,2022-10-13 17:29:45,19.8,85.85,81.12,75,11,5.26
295,Haimen,CN,2022-10-13 17:29:46,23.1935,116.6142,73.29,74,10,16.71
296,Nicoya,CR,2022-10-13 17:27:29,10.1483,-85.452,81.68,80,76,1.68
297,Almaznyy,RU,2022-10-13 17:29:47,48.0448,40.045,50.83,56,81,9.53
298,Pakala,IN,2022-10-13 17:29:47,13.4667,79.1167,77.41,95,21,3.33
299,Dabakala,CI,2022-10-13 17:29:48,8.3667,-4.4333,83.21,72,78,1.28
300,Pesaro,IT,2022-10-13 17:29:48,43.9036,12.8903,66.13,80,17,2.51
301,Taksimo,RU,2022-10-13 17:29:49,56.3444,114.8794,32.2,92,100,1.74
302,Qasigiannguit,GL,2022-10-13 17:29:49,68.8193,-51.1922,25.05,88,93,3.15
303,Lugovoy,KZ,2022-10-13 17:29:50,42.9472,72.7644,59.85,16,52,4.34
304,Lattes,FR,2022-10-13 17:29:50,43.5675,3.9046,70.05,88,100,1.14
305,Gorom-Gorom,BF,2022-10-13 17:29:51,14.4439,-0.2361,100.31,13,94,12.01
306,Pisco,PE,2022-10-13 17:29:51,-13.7,-76.2167,65.01,72,100,10.36
307,Seoul,KR,2022-10-13 17:28:40,37.5683,126.9778,56.64,93,40,1.14
308,Sao Joao Da Barra,BR,2022-10-13 17:25:53,-21.6403,-41.0511,84.29,69,7,17.45
309,Novita,CO,2022-10-13 17:29:52,4.9551,-76.6053,75.72,90,100,2.19
310,Isernia,IT,2022-10-13 17:29:53,41.6002,14.2382,58.53,94,100,5.73
311,Vila Velha,BR,2022-10-13 17:29:54,-20.3297,-40.2925,84.15,61,20,16.11
312,Plastun,RU,2022-10-13 17:29:55,44.7561,136.2939,47.52,76,73,4.63
313,Mozhga,RU,2022-10-13 17:29:55,56.4447,52.2276,46.29,90,100,0.72
314,Meulaboh,ID,2022-10-13 17:29:56,4.1363,96.1285,76.68,85,70,3.38
315,Chapais,CA,2022-10-13 17:30:57,49.7834,-74.8492,53.38,86,100,13.15
316,Port Blair,IN,2022-10-13 17:30:57,11.6667,92.75,77.04,94,40,2.3
317,Ayan,RU,2022-10-13 17:30:58,56.45,138.1667,40.96,71,35,8.59
318,Krasnyy Chikoy,RU,2022-10-13 17:30:58,50.3643,108.7512,34.9,90,94,8.3
319,Khorixas,NA,2022-10-13 17:30:59,-20.3667,14.9667,76.77,35,77,17.92
320,Noumea,NC,2022-10-13 17:27:28,-22.2763,166.4572,62.58,71,92,9.04
321,Gondar,ET,2022-10-13 17:31:01,12.6,37.4667,59.65,80,59,4.32
322,Ati,TD,2022-10-13 17:31:01,13.2154,18.3353,94.41,17,29,9.75
323,Bozeman,US,2022-10-13 17:31:02,45.6796,-111.0386,59.63,53,0,1.01
324,Bairiki,KI,2022-10-13 17:31:02,1.3292,172.9752,80.6,83,20,8.05
325,Grindavik,IS,2022-10-13 17:30:46,63.8424,-22.4338,43.27,75,75,17.27
326,Hambantota,LK,2022-10-13 17:31:03,6.1241,81.1185,78.49,84,98,16.89
327,Hamilton,US,2022-10-13 17:31:04,39.1834,-84.5333,63.73,43,0,13.8
328,Kinshasa,CD,2022-10-13 17:31:04,-4.3246,15.3215,84.83,54,85,2.77
329,Kupang,ID,2022-10-13 17:31:05,-10.1667,123.5833,78.28,79,6,5.01
330,Apollonia,GR,2022-10-13 17:31:05,36.9716,24.7231,63.99,57,44,10.07
331,Gao,ML,2022-10-13 17:31:06,16.6362,1.637,95.34,12,11,9.69
332,Yerbogachen,RU,2022-10-13 17:31:06,61.2767,108.0108,31.28,97,99,7.31
333,Abalak,RU,2022-10-13 17:31:07,58.1286,68.5944,44.4,73,99,9.28
334,Severo-Kurilsk,RU,2022-10-13 17:31:08,50.6789,156.125,43.07,71,76,10.63
335,Esmeralda,CU,2022-10-13 17:31:08,21.8525,-78.1169,90.55,52,52,6.35
336,Iqaluit,CA,2022-10-13 17:30:13,63.7506,-68.5145,24.53,79,20,3.44
337,Penzance,GB,2022-10-13 17:31:09,50.1186,-5.5371,57.88,94,40,5.75
338,Punta Alta,AR,2022-10-13 17:26:21,-38.8759,-62.0736,58.24,24,5,10.22
339,Waverley,ZA,2022-10-13 17:31:10,-25.7023,28.2591,81.21,28,0,5.75
340,Kahului,US,2022-10-13 17:31:11,20.8947,-156.47,80.83,80,75,5.75
341,Muros,ES,2022-10-13 17:31:12,42.7762,-9.0603,65.14,93,91,2.98
342,Amga,RU,2022-10-13 17:31:13,60.8953,131.9608,30.67,97,99,2.26
343,Alenquer,BR,2022-10-13 17:31:13,-1.9417,-54.7383,91.69,45,45,5.23
344,Vasai,IN,2022-10-13 17:30:51,19.47,72.8,80.69,75,74,7.23
345,Abnub,EG,2022-10-13 17:31:14,27.2696,31.1511,79.02,39,0,10.74
346,Osa,RU,2022-10-13 17:31:15,57.2829,55.4567,46.98,68,96,1.25
347,Chubbuck,US,2022-10-13 17:31:15,42.9208,-112.4661,65.64,39,0,1.01
348,Richards Bay,ZA,2022-10-13 17:31:16,-28.783,32.0377,76.17,75,72,12.68
349,Cayenne,GF,2022-10-13 17:30:05,4.9333,-52.3333,87.84,66,75,8.05
350,Tromso,NO,2022-10-13 17:31:17,69.6496,18.957,44.62,93,75,5.75
351,Sisimiut,GL,2022-10-13 17:31:17,66.9395,-53.6735,31.82,80,84,14.72
352,Chara,RU,2022-10-13 17:31:17,56.9064,118.2631,30.06,74,89,3.27
353,Itarema,BR,2022-10-13 17:31:18,-2.9248,-39.9167,85.32,63,45,20.47
354,Kununurra,AU,2022-10-13 17:31:18,-15.7667,128.7333,78.78,73,24,3.44
355,Belaya Gora,RU,2022-10-13 17:31:19,68.5333,146.4167,5.58,89,18,1.72
356,Honningsvag,NO,2022-10-13 17:31:20,70.9821,25.9704,37.15,87,20,4.61
357,Tullahoma,US,2022-10-13 17:31:20,35.362,-86.2094,67.66,46,40,11.5
358,Rocha,UY,2022-10-13 17:31:21,-34.4833,-54.3333,54.27,62,100,17.81
359,Mtambile,TZ,2022-10-13 17:27:16,-5.3833,39.7,75.04,77,32,13.73
360,Puerto Escondido,MX,2022-10-13 17:31:22,15.85,-97.0667,86.83,54,40,3.44
361,Buenos Aires,AR,2022-10-13 17:28:37,-34.6132,-58.3772,66.99,23,0,13.8
362,Vanimo,PG,2022-10-13 17:31:23,-2.6741,141.3028,76.78,88,97,3.6
363,Thunder Bay,CA,2022-10-13 17:31:01,48.4001,-89.3168,44.58,65,75,10.36
364,Erzincan,TR,2022-10-13 17:32:24,39.75,39.5,58.3,44,75,5.75
365,Grand Gaube,MU,2022-10-13 17:32:24,-20.0064,57.6608,72.37,67,0,7.0
366,Kruisfontein,ZA,2022-10-13 17:32:25,-34.0033,24.7314,68.88,95,100,11.36
367,Olafsvik,IS,2022-10-13 17:32:25,64.8945,-23.7142,40.6,77,78,19.1
368,Port-Gentil,GA,2022-10-13 17:32:26,-0.7193,8.7815,80.56,83,75,13.8
369,Boende,CD,2022-10-13 17:32:26,-0.2167,20.8667,72.21,93,91,1.97
370,Luanda,AO,2022-10-13 17:32:10,-8.8368,13.2343,76.46,81,15,12.06
371,Glendive,US,2022-10-13 17:32:27,47.1053,-104.7125,52.75,31,0,27.63
372,Ewa Beach,US,2022-10-13 17:32:27,21.3156,-158.0072,76.84,92,75,3.44
373,Tugulym,RU,2022-10-13 17:32:28,57.0591,64.6425,51.87,73,100,8.99
374,Vila Franca Do Campo,PT,2022-10-13 17:32:28,37.7167,-25.4333,72.01,70,4,5.57
375,Jambi,ID,2022-10-13 17:32:29,-1.6,103.6167,75.09,96,98,1.36
376,Sfantu Gheorghe,RO,2022-10-13 17:32:29,45.8667,25.7833,50.94,86,91,3.11
377,Radhanpur,IN,2022-10-13 17:32:30,23.8333,71.6,85.59,33,1,1.59
378,Mendoza,AR,2022-10-13 17:32:30,-32.8908,-68.8272,58.53,20,0,3.44
379,Kandrian,PG,2022-10-13 17:32:31,-6.2167,149.55,76.3,85,93,3.53
380,Paracuru,BR,2022-10-13 17:32:31,-3.41,-39.0306,82.11,63,56,17.58
381,Esil,KZ,2022-10-13 17:32:32,51.9556,66.4042,52.45,27,67,7.74
382,Bitkine,TD,2022-10-13 17:32:33,11.9801,18.2138,83.88,48,59,6.08
383,San Jose,US,2022-10-13 17:32:33,37.3394,-121.895,63.84,76,100,6.91
384,Morehead,US,2022-10-13 17:32:34,37.2711,-87.1764,65.95,28,0,5.75
385,Tasiilaq,GL,2022-10-13 17:32:35,65.6145,-37.6368,33.96,80,100,6.35
386,Paamiut,GL,2022-10-13 17:27:57,61.994,-49.6678,29.79,47,7,9.04
387,Nongpoh,IN,2022-10-13 17:32:35,25.9,91.8833,67.91,98,62,2.53
388,Ternate,ID,2022-10-13 17:32:36,0.8,127.4,81.46,80,99,4.99
389,Kita,ML,2022-10-13 17:32:36,13.0349,-9.4895,84.88,49,64,2.44
390,Garhi Khairo,PK,2022-10-13 17:32:37,28.0606,67.9803,77.45,23,0,2.93
391,Zurrieq,MT,2022-10-13 17:32:37,35.8311,14.4742,72.91,83,40,6.91
392,Qaracala,AZ,2022-10-13 17:32:38,39.8132,48.9523,65.86,63,100,7.11
393,Moses Lake,US,2022-10-13 17:31:07,47.1301,-119.2781,63.28,41,0,11.5
394,Syasstroy,RU,2022-10-13 17:32:39,60.1367,32.5691,42.8,81,89,7.7
395,Ushibuka,JP,2022-10-13 17:32:39,32.1906,130.0228,68.14,82,3,7.52
396,Kamien Pomorski,PL,2022-10-13 17:32:40,53.9685,14.7726,53.96,76,100,7.02
397,Hazorasp,UZ,2022-10-13 17:32:41,41.3194,61.0742,51.64,39,67,12.68
398,Krasnoye Selo,RU,2022-10-13 17:32:42,59.7383,30.0894,41.77,81,0,4.47
399,Ramanuj Ganj,IN,2022-10-13 17:32:42,23.8,83.7,70.18,89,29,2.46
400,Okhotsk,RU,2022-10-13 17:32:43,59.3833,143.3,29.71,60,100,7.31
401,Portland,US,2022-10-13 17:30:39,45.5234,-122.6762,72.77,65,40,8.01
402,Teya,RU,2022-10-13 17:32:44,60.3778,92.6267,31.3,91,95,4.76
403,Sitka,US,2022-10-13 17:32:44,57.0531,-135.33,58.89,88,100,24.16
404,Lompoc,US,2022-10-13 17:32:44,34.6391,-120.4579,66.52,83,75,6.91
405,Kommunar,RU,2022-10-13 17:32:45,59.6206,30.39,42.33,88,98,5.57
406,Wencheng,CN,2022-10-13 17:32:45,33.0559,113.7978,57.52,58,17,3.27
407,Woodward,US,2022-10-13 17:32:46,36.4337,-99.3904,69.96,27,0,11.5
408,Nexo,DK,2022-10-13 17:32:46,55.0607,15.1306,55.49,81,100,9.78
409,Dakar,SN,2022-10-13 17:33:47,14.6937,-17.4441,87.93,70,0,4.61
410,Xining,CN,2022-10-13 17:33:47,36.6167,101.7667,40.62,64,90,2.15
411,Liberal,US,2022-10-13 17:33:48,37.0431,-100.921,65.44,27,0,9.22
412,Dracena,BR,2022-10-13 17:33:49,-21.4843,-51.535,85.77,45,100,4.27
413,Yekaterinovka,RU,2022-10-13 17:33:49,52.0508,44.3451,44.82,79,50,6.93
414,Rakovski,BG,2022-10-13 17:33:50,42.3,24.9667,60.73,49,76,5.77
415,Mocuba,MZ,2022-10-13 17:33:50,-16.8392,36.9856,75.31,76,5,7.45
416,Kiunga,PG,2022-10-13 17:33:51,-6.1219,141.2906,71.28,100,100,2.1
417,Teahupoo,PF,2022-10-13 17:33:51,-17.8333,-149.2667,73.36,81,15,8.88
418,Petatlan,MX,2022-10-13 17:33:52,17.5167,-101.2667,87.6,66,81,6.22
419,Pemangkat,ID,2022-10-13 17:33:53,1.1667,108.9667,79.86,80,100,7.9
420,Ko Samui,TH,2022-10-13 17:33:53,9.5357,99.9357,82.24,74,98,8.34
421,Tomatlan,MX,2022-10-13 17:33:55,19.9333,-105.25,86.76,50,58,3.0
422,Terney,RU,2022-10-13 17:33:55,45.0503,136.6092,49.19,79,62,6.24
423,Birao,CF,2022-10-13 17:33:56,10.2849,22.7882,80.76,54,34,2.86
424,Tilichiki,RU,2022-10-13 17:33:56,60.4667,166.1,26.65,93,100,0.92
425,Bria,CF,2022-10-13 17:33:57,6.5423,21.9863,73.98,85,69,4.97
426,Aykhal,RU,2022-10-13 17:31:19,66.0,111.5,19.53,96,99,7.7
427,Extremoz,BR,2022-10-13 17:33:58,-5.7056,-35.3072,86.45,58,40,13.8
428,Orizona,BR,2022-10-13 17:33:58,-17.0314,-48.2958,91.71,15,100,11.16
429,Koslan,RU,2022-10-13 17:33:59,63.4564,48.8989,40.5,91,100,3.47
430,Koubia,GN,2022-10-13 17:33:59,11.5833,-11.9,75.33,78,32,3.36
431,Viedma,AR,2022-10-13 17:34:01,-40.8135,-62.9967,55.89,25,0,12.8
432,Dole,FR,2022-10-13 17:34:01,47.0833,5.5,58.91,94,100,3.44
433,Araouane,ML,2022-10-13 17:34:02,18.9048,-3.5265,95.86,10,64,4.23
434,Shihezi,CN,2022-10-13 17:34:03,44.3,86.0333,52.3,33,0,1.7
435,Lipari,IT,2022-10-13 17:34:04,38.4674,14.954,69.33,80,64,24.65
436,Ballangen,NO,2022-10-13 17:34:04,68.3428,16.8315,46.62,76,75,10.36
437,Imeni Babushkina,RU,2022-10-13 17:34:05,59.7573,43.1285,40.21,78,98,3.53
438,Bundaberg,AU,2022-10-13 17:34:06,-24.85,152.35,61.21,99,100,4.61
439,Biltine,TD,2022-10-13 17:34:06,14.5333,20.9167,91.62,17,63,6.98
440,Domoni,KM,2022-10-13 17:34:07,-12.2569,44.5319,75.0,77,9,0.58
441,Nabire,ID,2022-10-13 17:34:08,-3.3667,135.4833,75.25,88,100,2.44
442,Arawa,PG,2022-10-13 17:34:09,-6.2132,155.5367,75.69,92,100,0.22
443,Nivala,FI,2022-10-13 17:34:09,63.9167,24.9667,46.69,90,100,9.66
444,Ketchikan,US,2022-10-13 17:34:10,55.3422,-131.6461,54.07,94,100,14.97
445,Ulaanbaatar,MN,2022-10-13 17:30:53,47.9077,106.8832,30.33,59,40,2.24
446,Muroto,JP,2022-10-13 17:34:11,33.2833,134.15,71.49,70,77,10.92
447,West Bay,KY,2022-10-13 17:34:12,19.3667,-81.4167,87.87,66,20,8.05
448,San Juan,AR,2022-10-13 17:34:12,-31.5375,-68.5364,65.95,21,2,10.92
449,Port Hawkesbury,CA,2022-10-13 17:34:13,45.6169,-61.3485,67.89,67,0,6.91
450,Magadan,RU,2022-10-13 17:34:13,59.5667,150.8,29.26,85,99,4.05
451,Mahibadhoo,MV,2022-10-13 17:34:14,3.7833,72.9667,78.96,83,100,20.96
452,Chernyshevskiy,RU,2022-10-13 17:35:14,63.0128,112.4714,28.69,98,99,2.48
453,Saint-Louis,SN,2022-10-13 17:35:15,16.3333,-15.0,92.84,26,35,7.85
454,Concepcion Del Oro,MX,2022-10-13 17:35:16,24.6333,-101.4167,69.44,34,9,3.18
455,Keith,GB,2022-10-13 17:35:17,57.5363,-2.9481,52.57,69,83,9.28
456,Parsabad,IR,2022-10-13 17:35:17,39.6482,47.9174,66.52,68,75,4.61
457,Sabya,SA,2022-10-13 17:35:18,17.1495,42.6254,89.22,61,3,6.17
458,Tiarei,PF,2022-10-13 17:35:18,-17.5333,-149.3333,78.82,80,11,8.48
459,Dubbo,AU,2022-10-13 17:35:19,-32.25,148.6167,57.33,100,75,8.05
460,Nadym,RU,2022-10-13 17:35:20,65.5333,72.5167,38.28,85,100,13.69
461,Kamaishi,JP,2022-10-13 17:35:20,39.2667,141.8833,53.92,83,65,6.53
462,Bani,DO,2022-10-13 17:35:21,18.2833,-70.3333,90.84,60,59,13.27
463,Makueni,KE,2022-10-13 17:35:21,-1.8041,37.6203,70.45,40,98,10.02
464,Kailua,US,2022-10-13 17:33:49,21.4022,-157.7394,77.9,94,3,5.84
465,Itupiranga,BR,2022-10-13 17:35:22,-5.1347,-49.3267,95.32,42,54,4.68
466,Luderitz,NA,2022-10-13 17:35:22,-26.6481,15.1594,60.08,85,1,14.23
467,Mucuri,BR,2022-10-13 17:35:23,-18.0864,-39.5508,79.95,62,39,12.64
468,Camana,PE,2022-10-13 17:35:23,-16.6228,-72.7111,65.43,65,18,9.48
469,Robertsport,LR,2022-10-13 17:35:24,6.7533,-11.3686,79.84,80,83,9.26
470,Smithers,CA,2022-10-13 17:35:24,54.7804,-127.1743,43.12,87,75,5.75
471,Muli,MV,2022-10-13 17:35:25,2.9167,73.5667,79.2,84,100,23.33
472,Bandarbeyla,SO,2022-10-13 17:35:25,9.4942,50.8122,77.95,86,25,4.12
473,Jijiga,ET,2022-10-13 17:35:26,9.35,42.8,70.81,52,99,7.92
474,Northam,GB,2022-10-13 17:35:27,51.0333,-4.2167,57.61,89,98,5.97
475,Lermontovka,RU,2022-10-13 17:35:27,47.1453,134.3383,44.76,98,12,4.76
476,Zhigansk,RU,2022-10-13 17:35:27,66.7697,123.3711,24.44,98,100,0.87
477,Sudbury,CA,2022-10-13 17:32:45,46.49,-80.99,49.17,89,100,4.0
478,Saint-Francois,FR,2022-10-13 17:35:28,46.4154,3.9054,60.24,82,100,3.44
479,Poronaysk,RU,2022-10-13 17:35:29,49.2167,143.1167,41.41,77,23,3.33
480,Xichang,CN,2022-10-13 17:35:29,27.8964,102.2634,56.26,91,100,3.47
481,Ntoum,GA,2022-10-13 17:35:30,0.3833,9.7833,76.32,92,91,4.85
482,Upernavik,GL,2022-10-13 17:35:30,72.7868,-56.1549,15.12,71,68,5.46
483,Padilla,CO,2022-10-13 17:35:31,3.2204,-76.3139,80.17,78,100,1.95
484,Armidale,AU,2022-10-13 17:33:00,-30.5167,151.65,51.01,87,99,5.19
485,Tricase,IT,2022-10-13 17:35:31,39.9304,18.3553,61.95,92,100,15.14
486,Tete,MZ,2022-10-13 17:35:32,-16.1564,33.5867,93.29,26,20,5.75
487,George,ZA,2022-10-13 17:35:32,-33.963,22.4617,60.35,100,100,8.05
488,Bubaque,GW,2022-10-13 17:35:33,11.2833,-15.8333,81.9,76,22,8.9
489,Bahia Blanca,AR,2022-10-13 17:34:09,-38.7196,-62.2724,60.58,19,3,10.47
490,Hovd,MN,2022-10-13 17:35:33,48.0056,91.6419,34.75,49,1,0.56
491,Zvishavane,ZW,2022-10-13 17:35:34,-20.3267,30.0665,78.8,17,68,6.85
492,Katobu,ID,2022-10-13 17:35:34,-4.9408,122.5276,73.99,94,75,1.45
493,Koroni,GR,2022-10-13 17:35:35,36.8,21.95,69.08,70,100,5.3
494,San Policarpo,PH,2022-10-13 17:35:35,12.1791,125.5072,78.57,89,100,7.49
495,Lubango,AO,2022-10-13 17:35:36,-14.9172,13.4925,68.4,59,93,2.24
496,Zharkent,KZ,2022-10-13 17:35:36,44.1628,80.0,53.4,17,10,4.79
497,Saint George,US,2022-10-13 17:35:26,37.1041,-113.5841,74.79,24,0,1.99
498,Motihari,IN,2022-10-13 17:35:37,26.65,84.9167,75.63,81,2,4.5
499,Jalu,LY,2022-10-13 17:35:38,29.0331,21.5482,82.11,27,9,7.38
500,Ibipeba,BR,2022-10-13 17:36:39,-11.6408,-42.0111,91.83,19,16,7.92
501,Luganville,VU,2022-10-13 17:36:39,-15.5333,167.1667,75.83,83,98,5.55
502,Quirinopolis,BR,2022-10-13 17:36:40,-18.4483,-50.4517,94.15,19,71,7.14
503,Lima,PE,2022-10-13 17:34:42,-12.0432,-77.0282,59.25,72,100,6.91
504,Nhulunbuy,AU,2022-10-13 17:36:40,-12.2333,136.7667,77.61,94,59,0.0
505,Nioro,GM,2022-10-13 17:36:41,13.35,-15.75,87.33,68,62,3.71
506,Ancud,CL,2022-10-13 17:36:41,-41.8697,-73.8203,44.37,77,98,11.05
507,Dehloran,IR,2022-10-13 17:36:42,32.6941,47.2679,81.07,17,56,4.63
508,Pimampiro,EC,2022-10-13 17:36:42,0.4,-77.9667,71.35,61,97,4.05
509,Salinas,US,2022-10-13 17:36:42,36.6777,-121.6555,59.81,90,100,3.44
510,San Lorenzo,PY,2022-10-13 17:36:43,-25.3333,-57.5333,77.94,57,75,5.01
511,Virginia Beach,US,2022-10-13 17:33:18,36.8529,-75.978,74.03,89,75,6.91
512,Cabedelo,BR,2022-10-13 17:36:44,-6.9811,-34.8339,86.67,67,18,16.46
513,Blagoyevo,RU,2022-10-13 17:36:45,63.3667,47.9167,37.02,87,44,1.81
514,Quesnel,CA,2022-10-13 17:36:27,52.9999,-122.5029,43.3,87,0,5.75
515,Bose,IT,2022-10-13 17:36:45,45.4612,8.0137,62.29,82,100,2.86
516,Komsomolskiy,UZ,2022-10-13 17:36:46,40.4272,71.7189,57.92,44,36,6.91
517,Avera,US,2022-10-13 17:36:46,33.194,-82.5271,76.51,63,97,11.68
518,Thongwa,MM,2022-10-13 17:36:47,16.7619,96.5278,80.76,87,0,5.66
519,Chupa,RU,2022-10-13 17:36:47,66.27,33.0549,43.05,81,100,10.11
520,Arkhipo-Osipovka,RU,2022-10-13 17:36:48,44.37,38.52,55.65,60,100,9.75
521,Celendin,PE,2022-10-13 17:36:49,-6.8703,-78.1517,73.92,49,41,5.48
522,Salalah,OM,2022-10-13 17:36:50,17.0151,54.0924,80.69,78,75,3.44
523,Merrill,US,2022-10-13 17:36:33,45.1805,-89.6835,38.97,96,100,8.05
524,La Rioja,ES,2022-10-13 17:32:27,42.25,-2.5,65.98,55,96,1.43
525,Mut,TR,2022-10-13 17:36:53,36.6439,33.4389,69.8,39,41,3.98
526,Gizo,SB,2022-10-13 17:36:53,-8.103,156.8419,81.21,77,96,6.31
527,Anan,JP,2022-10-13 17:36:54,33.9167,134.65,64.18,84,30,10.6
528,Wilmington Island,US,2022-10-13 17:36:54,32.0036,-80.9737,77.99,48,26,7.99
529,Neresnytsya,UA,2022-10-13 17:36:55,48.1181,23.7659,54.46,93,24,1.95
530,Kaeo,NZ,2022-10-13 17:36:56,-35.1,173.7833,56.32,95,100,13.89
531,Nelson Bay,AU,2022-10-13 17:36:57,-32.7167,152.15,65.08,86,100,7.0
532,Santa Cruz Del Sur,CU,2022-10-13 17:36:57,20.7147,-77.9956,84.99,67,80,8.37
533,Kurilsk,RU,2022-10-13 17:36:58,45.2333,147.8833,50.29,84,95,8.39
534,Jaguaruana,BR,2022-10-13 17:36:29,-4.8339,-37.7811,94.86,37,66,15.68
535,Lumsden,CA,2022-10-13 17:36:59,50.6501,-104.8678,48.0,18,19,25.52
536,Labuhan,ID,2022-10-13 17:37:00,-6.8844,112.2051,78.15,83,100,8.79
537,Sur,OM,2022-10-13 17:37:00,22.5667,59.5289,79.79,44,4,6.96
538,Quatre Cocos,MU,2022-10-13 17:37:01,-20.2078,57.7625,72.09,73,7,15.28
539,Springdale,US,2022-10-13 17:37:01,36.1867,-94.1288,67.98,29,0,17.27
540,Bilibino,RU,2022-10-13 17:37:02,68.0546,166.4372,1.2,90,100,2.46
541,Sredniy Ikorets,RU,2022-10-13 17:37:02,51.0675,39.7584,46.35,67,100,7.43
542,Shemonaikha,KZ,2022-10-13 17:37:03,50.6328,81.9056,41.76,77,66,4.45
543,Villazon,BO,2022-10-13 17:37:04,-22.0866,-65.5942,57.49,4,1,3.06
544,Gazojak,TM,2022-10-13 17:37:05,41.1875,61.4036,60.35,35,63,13.31
545,Bechem,GH,2022-10-13 17:37:05,7.0903,-2.025,77.81,77,92,3.62
546,Hualmay,PE,2022-10-13 17:37:05,-11.0964,-77.6139,65.93,71,28,11.79
547,Auki,SB,2022-10-13 17:38:06,-8.7676,160.7034,75.31,88,84,4.21
548,Zyryanka,RU,2022-10-13 17:38:06,65.75,150.85,17.22,96,100,2.3
549,Kiruna,SE,2022-10-13 17:38:07,67.8557,20.2251,38.32,87,77,5.75
550,Hay River,CA,2022-10-13 17:38:08,60.8156,-115.7999,39.18,56,75,21.85
551,Karasburg,NA,2022-10-13 17:38:08,-28.0167,18.75,75.81,25,69,16.46
552,Tazmalt,DZ,2022-10-13 17:38:09,36.3868,4.3989,72.12,74,17,5.23
